time,pages_unshared,pages_saved,pages_shared,full_scans
0,262144,0,0,0
2742,262144,0,0,0
7730,262144,0,0,0
12723,262144,0,0,0
17708,262144,0,0,0
22692,262144,0,0,0
27677,262144,0,0,0
32661,262144,0,0,0
37645,262144,0,0,0
42577,262144,0,0,0
42628,262129,14,1,0
47612,261448,692,4,0
52597,260329,1811,4,0
57582,259570,2567,7,0
62567,258108,4029,7,0
67552,257472,4664,8,0
72537,257233,4903,8,0
77522,256944,5192,8,0
82507,256944,5192,8,0
87492,256442,5694,8,0
92477,256424,5712,8,0
97462,256357,5779,8,0
102447,256350,5786,8,0
107432,256291,5845,8,0
112417,256162,5974,8,0
117402,255507,6629,8,0
122387,255363,6773,8,0
127372,255355,6781,8,0
132357,255355,6781,8,0
137342,255355,6781,8,0
142327,255355,6781,8,0
147312,255355,6781,8,0
152297,255355,6781,8,0
157282,255355,6781,8,0
162267,255355,6781,8,0
167252,255355,6781,8,0
172237,254826,7310,8,0
177222,253725,8411,8,0
182207,253671,8465,8,0
187192,253562,8574,8,0
192177,252880,9255,9,0
197162,251800,10335,9,0
202147,251682,10453,9,0
207132,251682,10453,9,0
212117,251679,10456,9,0
217102,251679,10456,9,0
222087,251582,10553,9,0
227072,251582,10553,9,0
232057,251582,10553,9,0
237042,251153,10982,9,0
242027,251153,10982,9,0
247012,251148,10985,11,0
251997,251147,10986,11,0
256982,251147,10986,11,0
261967,251147,10986,11,0
266952,251147,10986,11,0
271937,251070,11063,11,0
276922,250788,11345,11,0
281907,250788,11345,11,0
286892,250788,11345,11,0
291877,250788,11345,11,0
296862,250788,11345,11,0
301847,250545,11588,11,0
306832,250511,11622,11,0
311817,250511,11622,11,0
316802,250511,11622,11,0
321787,250245,11888,11,0
326772,250103,12030,11,0
331757,250103,12030,11,0
336742,250104,12029,11,0
341727,249991,12142,11,0
346712,249991,12142,11,0
351697,249991,12142,11,0
356682,249829,12304,11,0
361667,249114,12725,305,0
366652,247981,13292,871,0
371637,246946,13811,1387,0
376622,246069,14251,1824,0
381607,245507,14532,2105,0
386592,244679,14945,2520,0
391577,243828,15429,2887,0
396562,243059,15814,3271,0
401547,242480,16104,3560,0
406532,241922,16382,3840,0
411517,241248,16720,4176,0
416502,240472,17222,4450,0
421487,239846,17534,4764,0
426472,239223,17846,5075,0
431457,238978,18060,5106,0
436442,238978,18060,5106,0
441427,238978,18060,5106,0
446412,238978,18060,5106,0
451406,238637,18237,5270,0
456391,238389,18485,5270,0
461376,238389,18485,5270,0
466361,237861,18767,5516,0
471346,237117,19139,5888,0
476331,236377,19509,6258,0
481316,235639,19878,6627,0
486301,234856,20318,6970,0
491286,234454,20519,7171,0
496271,233724,20883,7537,0
501256,232996,21248,7900,0
506241,232263,21614,8267,0
511226,231811,21868,8465,0
516211,230982,22336,8826,0
521196,230102,22885,9157,0
526181,229315,23303,9526,0
531166,228705,23608,9831,0
536151,228243,23839,10062,0
541136,227659,24130,10355,0
546121,227341,24289,10514,0
551106,226597,24662,10885,0
556091,225857,25031,11256,0
561076,225026,25536,11582,0
566061,223522,27040,11582,0
571046,222693,27560,11891,0
576031,221974,27922,12248,0
581016,221259,28280,12605,0
586001,220547,28636,12961,0
590986,220027,28896,13221,0
595971,219473,29173,13498,0
600956,218769,29525,13850,0
605941,218067,29876,14201,0
610926,217366,30226,14552,0
615911,216649,30584,14911,0
620896,215933,30943,15268,0
625881,215217,31300,15627,0
630866,214500,31659,15985,0
635851,213787,32016,16341,0
640836,213152,32394,16598,0
645821,212615,32669,16860,0
650806,211362,33796,16986,0
655791,210066,34985,17093,0
660776,209350,35343,17451,0
665761,208637,35699,17808,0
670746,207811,36223,18110,0
675731,207114,36572,18458,0
680716,206419,36920,18805,0
685701,205728,37265,19151,0
690686,205039,37609,19496,0
695671,204669,37795,19680,0
700664,203983,38138,20023,0
705649,203299,38480,20365,0
710634,202617,38821,20706,0
715619,201939,39160,21045,0
720604,201100,39717,21327,0
725589,200482,40027,21635,0
730574,200116,40210,21818,0
735559,199363,40679,22102,0
740544,198058,41984,22102,0
745529,197244,42586,22314,0
750514,195960,43870,22314,0
755499,195224,44349,22571,0
760484,194425,44967,22752,0
765469,193846,45503,22795,0
770454,193051,46085,23008,0
775439,192262,46663,23219,0
780424,191480,47232,23432,0
785409,190841,47562,23741,0
790394,190050,48164,23930,0
795379,189253,48778,24113,0
800364,188461,49387,24296,0
805349,187710,49926,24508,0
810334,186905,50548,24691,0
815319,185904,51549,24691,0
820304,185092,52361,24691,0
825289,184417,52827,24900,0
830274,183626,53618,24900,0
835259,182702,54542,24900,0
840244,182053,54969,25122,0
845229,181084,55932,25128,0
850214,180413,56271,25460,0
855199,179747,56605,25792,0
860184,179085,56936,26123,0
865169,178425,57265,26454,0
870154,177765,57596,26783,0
875139,177433,57762,26949,0
880124,176779,58089,27276,0
885109,176126,58415,27603,0
890094,175475,58741,27928,0
895079,174827,59065,28252,0
900064,173938,59706,28500,0
905049,172195,61449,28500,0
910034,171147,62475,28522,0
915019,169999,63426,28719,0
920004,168670,64640,28834,0
924989,167341,65867,28936,0
929974,166317,66703,29124,0
934959,165444,67499,29201,0
939944,164750,68057,29337,0
944929,163945,68678,29521,0
949914,163113,69310,29721,0
954899,162465,69750,29929,0
959884,161796,70303,30045,0
964869,161107,70992,30045,0
969854,160463,71418,30263,0
974839,159788,72093,30263,0
979824,159124,72757,30263,0
984809,158320,73441,30383,0
989794,157685,73758,30701,0
994779,157048,74077,31019,0
999764,156412,74395,31337,0
1004749,155775,74713,31656,0
1009734,154973,75254,31917,0
1014719,153510,76713,31921,0
1019704,151722,78501,31921,0
1024698,149947,80276,31921,0
1029683,148190,82033,31921,0
1034668,146448,83775,31921,0
1039653,144722,85501,31921,0
1044638,143007,87216,31921,0
1049623,141310,88912,31921,0
1054608,139625,90598,31921,0
1059593,137951,92272,31921,0
1064578,136291,93932,31921,0
1069563,134643,95580,31921,0
1074548,133008,97215,31921,0
1079533,131383,98840,31921,0
1084518,129770,100453,31921,0
1089503,128170,102053,31921,0
1094488,126580,103643,31921,0
1099473,125002,105221,31921,0
1104459,123435,106788,31921,0
1109444,121876,108347,31921,0
1114432,120328,109895,31921,0
1119417,118790,111433,31921,0
1124402,117262,112961,31921,0
1129387,115743,114480,31921,0
1134372,114234,115989,31921,0
1139357,112733,117490,31921,0
1144342,111242,118981,31921,0
1149327,109758,120465,31921,0
1154312,108285,121938,31921,0
1159297,106820,123403,31921,0
1164282,105362,124860,31921,0
1169267,103913,126310,31921,0
1174252,102474,127749,31921,0
1179237,101040,129183,31921,0
1184222,100443,129780,31921,0
1189207,100443,129780,31921,0
1194192,100443,129780,31921,0
1199177,100443,129780,31921,0
1204162,100443,129780,31921,0
1209147,100443,129780,31921,0
1214132,100443,129780,31921,0
1219117,100443,129780,31921,0
1224102,100443,129780,31921,0
1229087,100443,129780,31921,0
1234072,100256,129967,31921,0
1239057,100233,129990,31921,0
1244042,99954,130269,31921,0
1249027,99205,130803,32136,0
1254012,98478,131272,32394,0
1258997,97752,131702,32690,0
1263982,96968,132262,32914,0
1268967,96280,132606,33258,0
1273952,95596,132948,33600,0
1278937,94910,133291,33943,0
1283922,94350,133571,34223,0
1288907,93898,133797,34449,0
1293892,93208,134142,34794,0
1298877,92520,134485,35139,0
1303862,91832,134830,35482,0
1308847,91150,135171,35823,0
1313832,90545,135536,36063,0
1318817,89820,135955,36369,0
1323802,88991,136590,36563,0
1328787,88160,137148,36836,0
1333772,86731,138577,36836,0
1338757,85753,139389,37002,0
1343742,84864,140088,37192,0
1348727,84181,140431,37532,0
1353712,83289,141119,37736,0
1358697,82774,141391,37979,0
1363682,82269,141645,38230,0
1368667,81482,142130,38532,0
1373653,80785,142480,38879,0
1378638,79942,143117,39085,0
1383623,79533,143328,39283,0
1388608,78806,143717,39621,0
1393593,78041,144179,39924,0
1398578,77276,144647,40221,0
1403563,76525,145080,40539,0
1408548,75778,145509,40857,0
1413533,74525,146671,40948,0
1418518,73241,147867,41036,0
1423503,72169,148767,41208,0
1428488,71537,149083,41524,0
1433473,71140,149282,41722,0
1438458,70333,149776,42035,0
1443443,69624,150131,42389,0
1448428,68882,150535,42727,0
1453413,68467,150836,42841,0
1458398,67727,151238,43179,0
1463383,66958,151676,43510,0
1468368,66129,152201,43814,0
1473353,65340,152666,44138,0
1478338,64566,153107,44471,0
1483323,63810,153648,44686,0
1488308,63288,153963,44893,0
1493293,62521,154401,45222,0
1498278,61363,155518,45262,0
1503263,60694,156188,45262,0
1508251,59986,156818,45340,0
1513236,59312,157403,45429,0
1518229,58594,157763,45787,0
1523214,57878,158121,46145,0
1528199,57180,158519,46445,0
1533184,56880,158722,46542,0
1538169,56183,159078,46883,0
1543154,55480,159483,47181,0
1548139,54786,159935,47423,0
1553124,54084,160345,47715,0
1558109,53385,160752,48007,0
1563094,52685,161158,48301,0
1568079,52147,161635,48362,0
1573064,51591,161968,48585,0
1578049,51525,162001,48618,0
1583034,51525,162001,48618,0
1588019,51376,162076,48692,0
1593004,50674,162482,48988,0
1597989,49821,163203,49120,0
1602974,49124,163629,49391,0
1607959,48438,164067,49639,0
1612944,47810,164695,49639,0
1617929,47109,165312,49723,0
1622914,46495,165926,49723,0
1627899,45624,166777,49743,0
1632884,44970,167183,49991,0
1637869,44193,167845,50106,0
1642861,43424,168415,50305,0
1647846,42700,168777,50667,0
1652831,42402,168927,50815,0
1657816,41673,169292,51179,0
1662801,40949,169654,51541,0
1667786,40156,170113,51875,0
1672771,39145,170885,52114,0
1677756,38136,171785,52223,0
1682741,37015,172834,52295,0
1687726,36329,173520,52295,0
1692711,35483,174230,52431,0
1697696,34899,174814,52431,0
1702687,34322,175391,52431,0
1707672,33688,175810,52646,0
1712657,33123,176375,52646,0
1717642,32565,176933,52646,0
1722627,31970,177523,52651,0
1727612,31341,177940,52863,0
1732597,30798,178483,52863,0
1737582,30257,179024,52863,0
1742567,29373,179756,53015,0
1747552,28816,180255,53073,0
1752537,28293,180778,53073,0
1757522,27713,181358,53073,0
1762507,27128,181790,53226,0
1767492,26583,182270,53291,0
1772478,26079,182774,53291,0
1777463,25563,183290,53291,0
1782448,24664,183972,53508,0
1787433,24163,184473,53508,0
1792418,23672,184964,53508,0
1797403,23116,185520,53508,0
1802388,22554,185937,53653,0
1807373,22027,186389,53728,0
1812358,21554,186862,53728,0
1817343,20993,187423,53728,0
1822328,20255,188159,53730,0
1827313,19167,189247,53730,0
1832298,16128,192284,53732,0
1832441,16128,192284,53732,0
1837283,15916,192496,53732,0
1842268,15916,192496,53732,0
1847253,15916,192496,53732,0
1852238,15916,192496,53732,0
1857223,15920,192492,53732,0
1862208,15969,192443,53732,0
1867193,16100,192312,53732,0
1872178,16157,192255,53732,0
1877163,16212,192200,53732,0
1882148,16269,192143,53732,0
1887133,16323,192089,53732,0
1892118,16381,192031,53732,0
1897103,16433,191979,53732,0
1902088,16478,191934,53732,0
1907073,16528,191884,53732,0
1912058,16572,191840,53732,0
1917043,16734,191678,53732,0
1922028,16904,191508,53732,0
1927013,17029,191383,53732,0
1931998,17153,191259,53732,0
1936983,17276,191136,53732,0
1941968,17417,190995,53732,0
1946953,17616,190796,53732,0
1951938,17774,190638,53732,0
1956923,17896,190516,53732,0
1961908,18016,190396,53732,0
1966893,18135,190277,53732,0
1971878,18274,190138,53732,0
1976863,18468,189944,53732,0
1981848,18651,189761,53732,0
1986833,18708,189706,53731,0
1991818,18760,189653,53731,0
1996803,18874,189539,53731,0
2001788,18991,189422,53731,0
2006773,19107,189306,53731,0
2011758,19223,189190,53731,0
2016743,19322,189091,53731,0
2021728,19365,189048,53731,0
2026713,19409,189004,53731,0
2031698,19453,188960,53731,0
2036683,19562,188851,53731,0
2041668,19675,188738,53731,0
2046653,19787,188626,53731,0
2051638,19877,188536,53731,0
2056623,19958,188455,53731,0
2061608,20038,188375,53731,0
2066593,20118,188295,53731,0
2071578,20198,188215,53731,0
2076563,20277,188136,53731,0
2081548,20367,188046,53731,0
2086533,20478,187935,53731,0
2091518,20584,187830,53730,0
2096503,20687,187727,53730,0
2101497,20790,187624,53730,0
2106482,20888,187526,53730,0
2111467,20968,187446,53730,0
2116452,21047,187367,53730,0
2121437,21126,187288,53730,0
2126422,21205,187209,53730,0
2131407,21283,187131,53730,0
2136392,21362,187052,53730,0
2141377,21456,186958,53730,0
2146362,21558,186856,53730,0
2151347,21660,186754,53730,0
2156332,21761,186653,53730,0
2161318,21862,186552,53730,0
2166303,21963,186451,53730,0
2171288,22062,186352,53730,0
2176273,22152,186262,53730,0
2181258,22229,186185,53730,0
2186243,22303,186111,53730,0
2191228,22378,186036,53730,0
2196214,22454,185961,53730,0
2201199,22517,185897,53730,0
2206186,22580,185834,53730,0
2211171,22645,185769,53730,0
2216156,22717,185697,53730,0
2221141,22792,185622,53730,0
2226126,22866,185548,53730,0
2231111,22939,185475,53730,0
2236096,23013,185401,53730,0
2241081,23085,185329,53730,0
2246066,23160,185254,53730,0
2251058,23232,185182,53730,0
2256045,23305,185109,53730,0
2261030,23378,185036,53730,0
2266015,23450,184964,53730,0
2271000,23523,184891,53730,0
2275989,23594,184820,53730,0
2280974,23667,184747,53730,0
2285969,23738,184676,53730,0
2290954,23810,184604,53730,0
2295939,23882,184532,53730,0
2300924,23952,184462,53730,0
2305909,24024,184390,53730,0
2310894,24094,184320,53730,0
2315882,24166,184248,53730,0
2320867,24236,184178,53730,0
2325852,24306,184108,53730,0
2330837,24377,184037,53730,0
2335822,24446,183968,53730,0
2340807,24517,183897,53730,0
2345792,24586,183828,53730,0
2350777,24655,183759,53730,0
2355762,24735,183679,53730,0
2360747,24824,183590,53730,0
2365732,24868,183546,53730,0
2370717,24949,183465,53730,0
2375702,25037,183377,53730,0
2380688,25122,183292,53730,0
2385680,25199,183215,53730,0
2390665,25272,183142,53730,0
2395650,25345,183069,53730,0
2400635,25417,182997,53730,0
2405620,25490,182924,53730,0
2410605,25562,182852,53730,0
2415590,25635,182779,53730,0
2420575,25705,182709,53730,0
2425560,25777,182637,53730,0
2430545,25849,182565,53730,0
2435530,25920,182494,53730,0
2440515,25991,182423,53730,0
2445500,26062,182352,53730,0
2450485,26134,182280,53730,0
2455470,26203,182211,53730,0
2460455,26274,182140,53730,0
2465440,26345,182069,53730,0
2470425,26414,182000,53730,0
2475410,26486,181928,53730,0
2480395,26554,181860,53730,0
2485380,26624,181790,53730,0
2490365,26694,181720,53730,0
2495350,26763,181651,53730,0
2500335,26832,181582,53730,0
2505320,26902,181512,53730,0
2510305,26970,181444,53730,0
2515300,27038,181376,53730,0
2520285,27107,181307,53730,0
2525270,27176,181238,53730,0
2530255,27206,181208,53730,0
2535240,27207,181207,53730,0
2540225,27207,181207,53730,0
2545210,27207,181207,53730,0
2550195,27207,181207,53730,0
2555180,27207,181207,53730,0
2560165,27207,181207,53730,0
2565150,27207,181207,53730,0
2570135,27207,181207,53730,0
2575120,27207,181207,53730,0
2580105,27244,181170,53730,0
2585090,27323,181091,53730,0
2590075,27403,181011,53730,0
2595060,27482,180932,53730,0
2600055,27561,180853,53730,0
2605040,27640,180774,53730,0
2610025,27718,180696,53730,0
2615010,27795,180619,53730,0
2619995,27872,180542,53730,0
2624980,27943,180471,53730,0
2629965,28005,180409,53730,0
2634950,28068,180346,53730,0
2639935,28130,180284,53730,0
2644920,28192,180222,53730,0
2649905,28253,180161,53730,0
2654891,28314,180100,53730,0
2659876,28376,180038,53730,0
2664861,28437,179977,53730,0
2669846,28499,179915,53730,0
2674831,28560,179854,53730,0
2679816,28621,179793,53730,0
2684801,28681,179733,53730,0
2689786,28742,179672,53730,0
2694771,28803,179611,53730,0
2699756,28864,179550,53730,0
2704741,28924,179490,53730,0
2709726,28946,179468,53730,0
2714711,28946,179468,53730,0
2719696,28946,179468,53730,0
2724681,28946,179468,53730,0
2729666,28946,179468,53730,0
2734651,29010,179404,53730,0
2739636,29085,179329,53730,0
2744621,29157,179257,53730,0
2749606,29232,179182,53730,0
2754591,29305,179109,53730,0
2759576,29410,179004,53730,0
2764561,29521,178893,53730,0
2769546,29632,178782,53730,0
2774531,29743,178672,53730,0
2779516,29850,178564,53730,0
2784504,29944,178470,53730,0
2789493,30052,178362,53730,0
2794478,30161,178253,53730,0
2799463,30257,178158,53730,0
2804448,30343,178071,53730,0
2809433,30428,177986,53730,0
2814418,30515,177900,53730,0
2819403,30600,177814,53730,0
2824388,30684,177730,53730,0
2829373,30769,177645,53730,0
2834358,30854,177560,53730,0
2839343,30937,177477,53730,0
2844328,31021,177393,53730,0
2849313,31105,177309,53730,0
2854308,31189,177225,53730,0
2859293,31270,177144,53730,0
2864278,31352,177062,53730,0
2869263,31435,176980,53730,0
2874248,31517,176898,53730,0
2879233,31598,176816,53730,0
2884218,31680,176734,53730,0
2889203,31762,176652,53730,0
2894188,31839,176575,53730,0
2899173,31920,176494,53730,0
2904158,32001,176413,53730,0
2909143,32082,176332,53730,0
2914128,32162,176252,53730,0
2919113,32242,176172,53730,0
2924098,32317,176097,53730,0
2929083,32397,176017,53730,0
2934068,32476,175938,53730,0
2939053,32556,175858,53730,0
2944038,32635,175779,53730,0
2949023,32713,175701,53730,0
2954008,32792,175622,53730,0
2958993,32871,175543,53730,0
2963978,32948,175466,53730,0
2968963,33025,175389,53730,0
2973948,33103,175311,53730,0
2978933,33180,175234,53730,0
2983918,33257,175157,53730,0
2988903,33319,175095,53730,0
2993888,33394,175020,53730,0
2998873,33471,174943,53730,0
3003858,33548,174866,53730,0
3008843,33625,174789,53730,0
3013828,33699,174715,53730,0
3018813,33775,174639,53730,0
3023798,33833,174581,53730,0
3028783,33833,174581,53730,0
3033768,33833,174581,53730,0
3038753,33833,174581,53730,0
3043738,33833,174581,53730,0
3048723,33861,174553,53730,0
3053708,33921,174493,53730,0
3058693,34000,174414,53730,0
3063678,34065,174349,53730,0
3068663,34148,174266,53730,0
3073648,34231,174183,53730,0
3078633,34314,174100,53730,0
3083618,34397,174017,53730,0
3088603,34479,173935,53730,0
3093588,34526,173888,53730,0
3098581,34589,173825,53730,0
3103566,34671,173743,53730,0
3108551,34752,173662,53730,0
3113536,34833,173581,53730,0
3118521,34914,173500,53730,0
3123506,34994,173420,53730,0
3128491,35044,173370,53730,0
3133476,35044,173370,53730,0
3138461,35044,173370,53730,0
3143446,35044,173370,53730,0
3148431,35044,173370,53730,0
3153416,35047,173367,53730,0
3158401,35048,173366,53730,0
3163386,35048,173366,53730,0
3168371,35048,173366,53730,0
3173356,35048,173366,53730,0
3178341,35048,173366,53730,0
3183326,35048,173366,53730,0
3188318,35078,173337,53730,0
3193303,35159,173255,53730,0
3198288,35159,173255,53730,0
3203273,35159,173255,53730,0
3208258,35159,173255,53730,0
3213243,35159,173255,53730,0
3218228,35161,173253,53730,0
3223213,35161,173253,53730,0
3228198,35163,173251,53730,0
3233183,35164,173251,53729,0
3238168,35164,173251,53729,0
3243153,35164,173251,53729,0
3248138,35206,173209,53729,0
3253123,35291,173124,53729,0
3258115,35364,173051,53729,0
3263100,35448,172967,53729,0
3268085,35491,172924,53729,0
3273070,35491,172924,53729,0
3278055,35491,172924,53729,0
3283040,35491,172924,53729,0
3288025,35491,172924,53729,0
3293010,35502,172913,53729,0
3297995,35558,172857,53729,0
3302980,35583,172832,53729,0
3307965,35583,172832,53729,0
3312950,35583,172832,53729,0
3317935,35583,172832,53729,0
3322920,35583,172832,53729,0
3327905,35583,172832,53729,0
3332890,35583,172832,53729,0
3337875,35583,172832,53729,0
3342860,35583,172832,53729,0
3347845,35613,172802,53729,0
3352830,35714,172701,53729,0
3357815,35741,172674,53729,0
3362800,35741,172674,53729,0
3367785,35741,172674,53729,0
3372770,35741,172674,53729,0
3377755,35741,172674,53729,0
3382740,35741,172674,53729,0
3387725,35741,172674,53729,0
3392710,35741,172674,53729,0
3397695,35741,172674,53729,0
3402680,35741,172674,53729,0
3407665,35741,172674,53729,0
3412650,35765,172650,53729,0
3417635,35848,172567,53729,0
3422620,35930,172485,53729,0
3427605,36013,172402,53729,0
3432590,36085,172330,53729,0
3437575,36151,172264,53729,0
3442560,36217,172198,53729,0
3447545,36283,172132,53729,0
3452530,36348,172067,53729,0
3457515,36414,172001,53729,0
3462503,36480,171935,53729,0
3467488,36546,171869,53729,0
3472473,36611,171804,53729,0
3477458,36676,171739,53729,0
3482443,36741,171675,53729,0
3487428,36805,171610,53729,0
3492413,36870,171545,53729,0
3497398,36935,171480,53729,0
3502383,36999,171416,53729,0
3507368,37063,171352,53729,0
3512353,37127,171288,53729,0
3517338,37191,171224,53729,0
3522323,37255,171160,53729,0
3527317,37319,171096,53729,0
3532302,37383,171032,53729,0
3537287,37447,170968,53729,0
3542272,37511,170904,53729,0
3547257,37574,170841,53729,0
3552242,37685,170730,53729,0
3557227,37804,170611,53729,0
3562212,37924,170491,53729,0
3567205,38042,170373,53729,0
3572190,38162,170253,53729,0
3577175,38278,170137,53729,0
3582160,38394,170021,53729,0
3587145,38510,169905,53729,0
3592130,38624,169792,53729,0
3597115,38738,169677,53729,0
3602100,38851,169564,53729,0
3607085,38963,169452,53729,0
3612070,39075,169340,53729,0
3617055,39121,169294,53729,0
3622040,39121,169294,53729,0
3627025,39121,169294,53729,0
3632010,39121,169294,53729,0
3636995,39121,169294,53729,0
3641980,39121,169294,53729,0
3646965,39121,169294,53729,0
3651950,39121,169294,53729,0
3656935,39121,169294,53729,0
3661920,39121,169294,53729,0
3666905,39121,169294,53729,0
3671890,39121,169294,53729,0
3676875,39121,169294,53729,0
3681860,39121,169294,53729,0
3686845,39121,169294,53729,0
3691830,39150,169265,53729,0
3696815,39223,169192,53729,0
3701800,39231,169184,53729,0
3706785,39231,169184,53729,0
3711770,39231,169184,53729,0
3716755,39231,169184,53729,0
3721740,39231,169184,53729,0
3726725,39233,169182,53729,0
3731710,39233,169182,53729,0
3736695,39233,169182,53729,0
3741680,39233,169182,53729,0
3746665,39233,169182,53729,0
3751650,39233,169182,53729,0
3756635,39233,169182,53729,0
3761620,39235,169180,53729,0
3766605,39235,169180,53729,0
3771590,39235,169180,53729,0
3776575,39235,169180,53729,0
3781560,39235,169180,53729,0
3786545,39236,169179,53729,0
3791530,39313,169102,53729,0
3796515,39392,169023,53729,0
3801500,39447,168968,53729,0
3806485,39554,168861,53729,0
3811476,39662,168753,53729,0
3816461,39770,168645,53729,0
3821446,39859,168556,53729,0
3826431,39938,168477,53729,0
3831416,40017,168398,53729,0
3836408,40095,168320,53729,0
3841393,40173,168242,53729,0
3846378,40251,168164,53729,0
3851363,40328,168087,53729,0
3856348,40405,168010,53729,0
3861333,40482,167933,53729,0
3866318,40560,167855,53729,0
3871303,40636,167779,53729,0
3876288,40713,167702,53729,0
3881273,40789,167626,53729,0
3886258,40846,167569,53729,0
3891243,40846,167569,53729,0
3896228,40846,167569,53729,0
3901213,40846,167569,53729,0
3906198,40850,167565,53729,0
3911183,40954,167461,53729,0
3916168,40973,167442,53729,0
3921153,40976,167439,53729,0
3926138,40976,167439,53729,0
3931123,40976,167439,53729,0
3936108,40976,167439,53729,0
3941093,40976,167439,53729,0
3946078,40976,167439,53729,0
3951063,40976,167439,53729,0
3956048,40976,167439,53729,0
3961033,40976,167439,53729,0
3966018,41056,167359,53729,0
3971003,41199,167216,53729,0
3975996,41322,167093,53729,0
3980982,41443,166973,53729,0
3985967,41547,166868,53729,0
3990952,41649,166766,53729,0
3995937,41750,166665,53729,0
4000929,41852,166563,53729,0
4005914,41954,166461,53729,0
4010899,42036,166379,53729,0
4015884,42125,166290,53729,0
4020869,42217,166198,53729,0
4025854,42308,166107,53729,0
4030839,42402,166013,53729,0
4035824,42495,165920,53729,0
4040809,42590,165825,53729,0
4045804,42670,165745,53729,0
4050789,42751,165664,53729,0
4055774,42831,165584,53729,0
4060759,42911,165504,53729,0
4065744,42991,165424,53729,0
4070729,43071,165344,53729,0
4075714,43163,165252,53729,0
4080699,43256,165159,53729,0
4085684,43346,165069,53729,0
4090669,43436,164979,53729,0
4095656,43527,164888,53729,0
4100647,43616,164799,53729,0
4105641,43706,164709,53729,0
4110626,43796,164619,53729,0
4115611,43884,164531,53729,0
4120596,43973,164442,53729,0
4125581,44061,164354,53729,0
4130566,44149,164266,53729,0
4135551,44236,164179,53729,0
4140536,44324,164091,53729,0
4145521,44410,164005,53729,0
4150506,44497,163918,53729,0
4155491,44584,163831,53729,0
4160476,44669,163746,53729,0
4165461,44754,163661,53729,0
4170454,44840,163575,53729,0
4175439,44925,163490,53729,0
4180424,45009,163406,53729,0
4185409,45095,163320,53729,0
4190394,45178,163237,53729,0
4195379,45262,163153,53729,0
4200364,45345,163070,53729,0
4205357,45429,162986,53729,0
4210342,45512,162903,53729,0
4215336,45594,162821,53729,0
4220321,45677,162738,53729,0
4225306,45759,162656,53729,0
4230291,45841,162574,53729,0
4235276,45923,162492,53729,0
4240271,46004,162411,53729,0
4245256,46086,162329,53729,0
4250241,46175,162240,53729,0
4255226,46308,162107,53729,0
4260211,46440,161975,53729,0
4265196,46569,161846,53729,0
4270181,46698,161717,53729,0
4275166,46825,161590,53729,0
4280151,46952,161463,53729,0
4285136,47079,161336,53729,0
4290121,47202,161213,53729,0
4295106,47326,161089,53729,0
4300091,47450,160965,53729,0
4305076,47572,160843,53729,0
4310061,47692,160723,53729,0
4315046,47814,160601,53729,0
4320031,47933,160482,53729,0
4325016,48052,160363,53729,0
4330001,48170,160245,53729,0
4334991,48287,160128,53729,0
4339976,48404,160011,53729,0
4344961,48520,159895,53729,0
4349946,48634,159781,53729,0
4354931,48748,159667,53729,0
4359916,48862,159553,53729,0
4364906,48975,159440,53729,0
4369891,49087,159328,53729,0
4374876,49199,159216,53729,0
4379867,49308,159107,53729,0
4384852,49419,158996,53729,0
4389837,49529,158886,53729,0
4394832,49638,158777,53729,0
4399817,49744,158671,53729,0
4404802,49852,158563,53729,0
4409787,49961,158454,53729,0
4414772,50066,158349,53729,0
4419762,50172,158243,53729,0
4424747,50276,158139,53729,0
4429732,50382,158034,53729,0
4434717,50486,157929,53729,0
4439702,50590,157825,53729,0
4444687,50693,157722,53729,0
4449672,50795,157620,53729,0
4454657,50897,157518,53729,0
4459642,50999,157416,53729,0
4464627,51101,157314,53729,0
4469612,51201,157214,53729,0
4474600,51298,157117,53729,0
4479585,51343,157072,53729,0
4484570,51407,157008,53729,0
4489555,51492,156923,53729,0
4494540,51580,156835,53729,0
4499525,51681,156734,53729,0
4504510,51781,156634,53729,0
4509495,51880,156535,53729,0
4514485,51978,156437,53729,0
4519470,52077,156339,53729,0
4524455,52174,156241,53729,0
4529440,52272,156143,53729,0
4534425,52369,156046,53729,0
4539410,52465,155950,53729,0
4544395,52561,155854,53729,0
4549380,52657,155758,53729,0
4554365,52752,155663,53729,0
4559350,52847,155568,53729,0
4564335,52941,155474,53729,0
4569320,53035,155380,53729,0
4574305,53129,155286,53729,0
4579290,53222,155193,53729,0
4584275,53315,155100,53729,0
4589260,53407,155008,53729,0
4594245,53499,154916,53729,0
4599231,53591,154824,53729,0
4604216,53682,154733,53729,0
4609201,53773,154642,53729,0
4614186,53865,154550,53729,0
4619171,53954,154461,53729,0
4624166,54044,154371,53729,0
4629151,54134,154281,53729,0
4634136,54223,154192,53729,0
4639121,54313,154103,53729,0
4644106,54401,154014,53729,0
4649091,54489,153926,53729,0
4654076,54577,153838,53729,0
4659061,54685,153731,53729,0
4664049,54831,153584,53729,0
4669034,54977,153438,53729,0
4674019,55121,153294,53729,0
4679004,55263,153152,53729,0
4683989,55406,153009,53729,0
4688974,55545,152870,53729,0
4693959,55683,152732,53729,0
4698947,55822,152593,53729,0
4703932,55957,152458,53729,0
4708917,56094,152321,53729,0
4713902,56227,152188,53729,0
4718887,56359,152056,53729,0
4723872,56491,151924,53729,0
4728857,56623,151792,53729,0
4733842,56752,151663,53729,0
4738827,56881,151534,53729,0
4743812,57008,151407,53729,0
4748797,57135,151280,53729,0
4753782,57259,151156,53729,0
4758767,57384,151031,53729,0
4763752,57508,150907,53729,0
4768737,57632,150783,53729,0
4773722,57753,150662,53729,0
4778707,57875,150540,53729,0
4783692,57995,150420,53729,0
4788677,58115,150300,53729,0
4793670,58233,150182,53729,0
4798657,58352,150063,53729,0
4803642,58470,149945,53729,0
4808627,58586,149829,53729,0
4813612,58702,149713,53729,0
4818607,58818,149597,53729,0
4823592,58933,149482,53729,0
4828577,59047,149368,53729,0
4833562,59160,149255,53729,0
4838547,59251,149164,53729,0
4843532,59294,149122,53729,0
4848517,59405,149010,53729,0
4853502,59516,148899,53729,0
4858487,59627,148788,53729,0
4863472,59737,148678,53729,0
4868457,59764,148651,53729,0
4873442,59764,148651,53729,0
4878427,59764,148651,53729,0
4883412,59764,148651,53729,0
4888397,59764,148651,53729,0
4893382,59764,148651,53729,0
4898367,59764,148651,53729,0
4903352,59764,148651,53729,0
4908337,59764,148651,53729,0
4913322,59764,148651,53729,0
4918307,59764,148651,53729,0
4923292,59764,148651,53729,0
4928277,59764,148651,53729,0
4933262,59764,148651,53729,0
4938247,59764,148651,53729,0
4943232,59764,148651,53729,0
4948217,59764,148651,53729,0
4953202,59764,148651,53729,0
4958187,59764,148651,53729,0
4963172,59764,148651,53729,0
4968157,59764,148651,53729,0
4973142,59764,148651,53729,0
4978127,59764,148651,53729,0
4983112,59850,148565,53729,0
4988097,59941,148474,53729,0
4993082,60046,148369,53729,0
4998067,60154,148261,53729,0
5003052,60262,148153,53729,0
5008037,60369,148046,53729,0
5013022,60476,147939,53729,0
5018007,60582,147833,53729,0
5022992,60686,147729,53729,0
5027977,60783,147632,53729,0
5032962,60880,147535,53729,0
5037956,60977,147438,53729,0
5042941,61074,147341,53729,0
5047926,61170,147245,53729,0
5052911,61177,147238,53729,0
5057896,61177,147238,53729,0
5062881,61177,147238,53729,0
5067866,61177,147238,53729,0
5072851,61177,147238,53729,0
5077836,61269,147146,53729,0
5082821,61372,147043,53729,0
5087806,61474,146941,53729,0
5092791,61553,146862,53729,0
5097776,61655,146760,53729,0
5102761,61755,146660,53729,0
5107746,61855,146560,53729,0
5112731,61955,146460,53729,0
5117716,62019,146396,53729,0
5122701,62019,146396,53729,0
5127686,62116,146299,53729,0
5132671,62214,146201,53729,0
5137656,62312,146103,53729,0
5142641,62409,146006,53729,0
5147626,62506,145909,53729,0
5152611,62603,145812,53729,0
5157596,62699,145716,53729,0
5162581,62795,145620,53729,0
5167566,62890,145525,53729,0
5172551,62985,145430,53729,0
5177536,63109,145306,53729,0
5182521,63277,145139,53729,0
5187506,63444,144971,53729,0
5192491,63607,144808,53729,0
5197476,63768,144647,53729,0
5202461,63928,144487,53729,0
5207446,64086,144329,53729,0
5212431,64242,144173,53729,0
5217416,64395,144020,53729,0
5222401,64548,143867,53729,0
5227388,64697,143718,53729,0
5232373,64846,143569,53729,0
5237358,64993,143422,53729,0
5242343,65091,143324,53729,0
5247328,65091,143324,53729,0
5252313,65091,143324,53729,0
5257298,65091,143324,53729,0
5262283,65091,143324,53729,0
5267268,65091,143324,53729,0
5272253,65091,143324,53729,0
5277238,65091,143324,53729,0
5282223,65091,143324,53729,0
5287208,65091,143324,53729,0
5292193,65091,143324,53729,0
5297178,65091,143324,53729,0
5302163,65091,143324,53729,0
5307148,65091,143324,53729,0
5312133,65091,143324,53729,0
5317118,65091,143324,53729,0
5322103,65143,143272,53729,0
5327088,65221,143195,53729,0
5332073,65254,143161,53729,0
5337058,65254,143161,53729,0
5342043,65254,143161,53729,0
5347028,65254,143161,53729,0
5352013,65254,143161,53729,0
5356998,65256,143159,53729,0
5361983,65256,143159,53729,0
5366968,65256,143159,53729,0
5371953,65256,143159,53729,0
5376938,65256,143159,53729,0
5381923,65256,143159,53729,0
5386908,65256,143159,53729,0
5391893,65256,143159,53729,0
5396878,65256,143159,53729,0
5401863,65256,143159,53729,0
5406848,65256,143159,53729,0
5411833,65256,143159,53729,0
5416818,65256,143159,53729,0
5421803,65256,143159,53729,0
5426788,65256,143159,53729,0
5431773,65256,143159,53729,0
5436758,65256,143159,53729,0
5441743,65256,143159,53729,0
5446728,65256,143159,53729,0
5451713,65256,143159,53729,0
5456698,65256,143159,53729,0
5461683,65256,143159,53729,0
5466668,65256,143159,53729,0
5471653,65256,143159,53729,0
5476638,65256,143159,53729,0
5481623,65256,143159,53729,0
5486608,65256,143159,53729,0
5491593,65256,143159,53729,0
5496578,65256,143159,53729,0
5501563,65256,143159,53729,0
5506548,65256,143159,53729,0
5511533,65256,143159,53729,0
5516518,65256,143159,53729,0
5521503,65347,143068,53729,0
5526488,65348,143067,53729,0
5531473,65348,143067,53729,0
5536458,65348,143067,53729,0
5541443,65348,143067,53729,0
5546428,65348,143067,53729,0
5551413,65349,143066,53729,0
5556398,65351,143064,53729,0
5561383,65351,143064,53729,0
5566368,65351,143064,53729,0
5571353,65351,143064,53729,0
5576338,65351,143064,53729,0
5581323,65351,143064,53729,0
5586308,65351,143064,53729,0
5591293,65351,143064,53729,0
5596278,65351,143064,53729,0
5601263,65351,143064,53729,0
5606248,65351,143064,53729,0
5611233,65351,143064,53729,0
5616218,65351,143064,53729,0
5621203,65351,143064,53729,0
5626188,65432,142983,53729,0
5631173,65571,142845,53729,0
5636158,65701,142714,53729,0
5641143,65701,142714,53729,0
5646128,65701,142714,53729,0
5651113,65701,142714,53729,0
5656098,65701,142714,53729,0
5661083,65703,142712,53729,0
5666068,65703,142712,53729,0
5671053,65703,142712,53729,0
5676038,65703,142712,53729,0
5681023,65703,142712,53729,0
5686008,65703,142712,53729,0
5690993,65703,142712,53729,0
5695978,65703,142712,53729,0
5700963,65703,142712,53729,0
5705948,65703,142712,53729,0
5710933,65703,142712,53729,0
5715918,65703,142712,53729,0
5720903,65703,142712,53729,0
5725888,65703,142712,53729,0
5730873,65703,142712,53729,0
5735858,65786,142629,53729,0
5740843,65892,142523,53729,0
5745828,66034,142381,53729,0
5750813,66175,142240,53729,0
5755798,66314,142101,53729,0
5760783,66438,141977,53729,0
5765768,66441,141974,53729,0
5770754,66475,141940,53729,0
5775739,66612,141803,53729,0
5780724,66727,141688,53729,0
5785709,66734,141681,53729,0
5790694,66753,141662,53729,0
5795679,66887,141528,53729,0
5800664,67021,141394,53729,0
5805649,67153,141262,53729,0
5810634,67269,141146,53729,0
5815619,67357,141058,53729,0
5820604,67444,140971,53729,0
5825589,67532,140883,53729,0
5830574,67618,140797,53729,0
5835559,67705,140710,53729,0
5840544,67790,140625,53729,0
5845537,67875,140540,53729,0
5850522,67961,140454,53729,0
5855507,68046,140369,53729,0
5860492,68130,140285,53729,0
5865477,68215,140200,53729,0
5870462,68299,140116,53729,0
5875447,68382,140033,53729,0
5880432,68466,139949,53729,0
5885417,68548,139867,53729,0
5890402,68631,139784,53729,0
5895387,68714,139701,53729,0
5900372,68796,139619,53729,0
5905357,68878,139537,53729,0
5910342,68959,139456,53729,0
5915336,69040,139375,53729,0
5920328,69121,139294,53729,0
5925313,69202,139213,53729,0
5930298,69282,139133,53729,0
5935293,69362,139053,53729,0
5940278,69442,138973,53729,0
5945263,69521,138894,53729,0
5950248,69601,138814,53729,0
5955233,69679,138736,53729,0
5960218,69758,138657,53729,0
5965203,69836,138579,53729,0
5970188,69914,138501,53729,0
5975173,69992,138423,53729,0
5980158,70070,138345,53729,0
5985143,70147,138268,53729,0
5990128,70224,138191,53729,0
5995121,70301,138114,53729,0
6000106,70424,137991,53729,0
6005091,70559,137856,53729,0
6010076,70693,137722,53729,0
6015061,70826,137589,53729,0
6020046,70957,137458,53729,0
6025031,71088,137327,53729,0
6030016,71217,137198,53729,0
6035001,71344,137071,53729,0
6039986,71471,136944,53729,0
6044971,71596,136819,53729,0
6049956,71721,136694,53729,0
6054941,71844,136571,53729,0
6059932,71967,136448,53729,0
6064917,72088,136327,53729,0
6069902,72209,136206,53729,0
6074887,72329,136086,53729,0
6079872,72448,135967,53729,0
6084857,72565,135850,53729,0
6089842,72682,135733,53729,0
6094827,72799,135616,53729,0
6099812,72878,135537,53729,0
6104797,72878,135537,53729,0
6109782,72878,135537,53729,0
6114767,72878,135537,53729,0
6119752,72878,135537,53729,0
6124737,72971,135444,53729,0
6129722,73085,135330,53729,0
6134707,73199,135216,53729,0
6139692,73311,135104,53729,0
6144677,73390,135025,53729,0
6149662,73390,135025,53729,0
6154647,73390,135025,53729,0
6159632,73390,135025,53729,0
6164617,73390,135025,53729,0
6169602,73390,135025,53729,0
6174587,73390,135025,53729,0
6179572,73390,135025,53729,0
6184557,73390,135025,53729,0
6189542,73390,135025,53729,0
6194527,73390,135025,53729,0
6199512,73390,135025,53729,0
6204497,73390,135025,53729,0
6209482,73390,135025,53729,0
6214467,73454,134961,53729,0
6219452,73505,134910,53729,0
6224437,73505,134910,53729,0
6229422,73505,134910,53729,0
6234407,73505,134910,53729,0
6239392,73505,134910,53729,0
6244377,73507,134908,53729,0
6249362,73509,134906,53729,0
6254347,73509,134906,53729,0
6259332,73509,134906,53729,0
6264317,73509,134906,53729,0
6269302,73509,134906,53729,0
6274287,73509,134906,53729,0
6279272,73509,134906,53729,0
6284257,73509,134906,53729,0
6289242,73509,134906,53729,0
6294227,73509,134906,53729,0
6299212,73509,134906,53729,0
6304197,73509,134906,53729,0
6309182,73509,134906,53729,0
6314167,73509,134906,53729,0
6319152,73509,134906,53729,0
6324137,73509,134906,53729,0
6329122,73509,134906,53729,0
6334107,73509,134906,53729,0
6339092,73509,134906,53729,0
6344077,73509,134906,53729,0
6349062,73509,134906,53729,0
6354047,73509,134906,53729,0
6359032,73509,134906,53729,0
6364017,73509,134906,53729,0
6369002,73578,134837,53729,0
6373987,73706,134709,53729,0
6378972,73830,134586,53729,0
6383957,73938,134477,53729,0
6388942,74073,134342,53729,0
6393927,74188,134227,53729,0
6398917,74296,134119,53729,0
6403902,74404,134011,53729,0
6408887,74512,133903,53729,0
6413872,74621,133795,53729,0
6418857,74736,133679,53729,0
6423842,74844,133571,53729,0
6428827,74951,133464,53729,0
6433812,75057,133358,53729,0
6438797,75163,133252,53729,0
6443782,75268,133147,53729,0
6448767,75373,133042,53729,0
6453752,75477,132938,53729,0
6458747,75580,132835,53729,0
6463732,75683,132732,53729,0
6468717,75807,132611,53726,0
6473702,75972,132457,53715,0
6478687,76134,132305,53705,0
6483672,76294,132155,53695,0
6488657,76451,132008,53685,0
6493642,76606,131862,53676,0
6498627,76759,131720,53665,0
6503612,76898,131581,53665,0
6508597,77023,131456,53665,0
6513582,77153,131326,53665,0
6518567,77291,131188,53665,0
6523552,77428,131051,53665,0
6528539,77563,130916,53665,0
6533524,77697,130782,53665,0
6538509,77830,130650,53665,0
6543494,77957,130525,53662,0
6548485,78080,130411,53653,0
6553472,78208,130285,53651,0
6558457,78336,130157,53651,0
6563442,78463,130030,53651,0
6568427,78589,129904,53651,0
6573419,78713,129780,53651,0
6578404,78837,129656,53651,0
6583389,78955,129538,53651,0
6588374,79068,129425,53651,0
6593359,79189,129304,53651,0
6598348,79309,129184,53651,0
6603333,79428,129065,53651,0
6608318,79546,128947,53651,0
6613303,79664,128829,53651,0
6618288,79780,128713,53651,0
6623273,79896,128597,53651,0
6628258,80008,128485,53651,0
6633243,80117,128376,53651,0
6638229,80227,128266,53651,0
6643214,80340,128153,53651,0
6648199,80452,128041,53651,0
6653184,80563,127931,53651,0
6658169,80673,127820,53651,0
6663158,80782,127711,53651,0
6668143,80908,127585,53651,0
6673128,81108,127385,53651,0
6678113,81304,127189,53651,0
6683098,81496,126997,53651,0
6688087,81683,126810,53651,0
6693072,81867,126626,53651,0
6698057,82039,126454,53651,0
6703042,82187,126306,53651,0
6708027,82335,126158,53651,0
6713012,82497,125996,53651,0
6717997,82668,125825,53651,0
6722982,82836,125657,53651,0
6727967,82996,125497,53651,0
6732952,83149,125344,53651,0
6737937,83299,125194,53651,0
6742922,83447,125046,53651,0
6747917,83586,124907,53651,0
6752902,83732,124761,53651,0
6757887,83875,124618,53651,0
6762872,84017,124476,53651,0
6767857,84159,124334,53651,0
6772842,84297,124196,53651,0
6777829,84435,124058,53651,0
6782814,84572,123922,53651,0
6787799,84707,123787,53651,0
6792784,84840,123653,53651,0
6797769,84973,123520,53651,0
6802754,85104,123389,53651,0
6807739,85235,123258,53651,0
6812724,85364,123129,53651,0
6817709,85479,123014,53651,0
6822694,85479,123014,53651,0
6827679,85479,123014,53651,0
6832664,85496,122997,53651,0
6837649,85613,122880,53651,0
6842634,85730,122763,53651,0
6847619,85847,122646,53651,0
6852604,85963,122530,53651,0
6857589,86077,122416,53651,0
6862574,86192,122301,53651,0
6867559,86305,122188,53651,0
6872544,86418,122075,53651,0
6877529,86530,121963,53651,0
6882514,86642,121851,53651,0
6887499,86756,121737,53651,0
6892484,86869,121624,53651,0
6897469,86981,121515,53648,0
6902454,87092,121412,53641,0
6907439,87202,121304,53638,0
6912424,87312,121194,53638,0
6917417,87421,121085,53638,0
6922402,87530,120976,53638,0
6927387,87638,120868,53638,0
6932372,87724,120782,53638,0
6937357,87806,120700,53638,0
6942342,87888,120618,53638,0
6947327,87970,120536,53638,0
6952312,88051,120455,53638,0
6957297,88132,120374,53638,0
6962291,88213,120294,53637,0
6967276,88294,120213,53637,0
6972261,88374,120133,53637,0
6977246,88454,120053,53637,0
6982231,88533,119974,53637,0
6987216,88613,119894,53637,0
6992201,88708,119799,53637,0
6997186,88877,119630,53637,0
7002180,89042,119466,53636,0
7007165,89201,119318,53625,0
7012150,89361,119158,53625,0
7017135,89519,119000,53625,0
7022120,89676,118843,53625,0
7027105,89830,118689,53625,0
7032090,89983,118536,53625,0
7037075,90135,118384,53625,0
7042060,90282,118241,53621,0
7047045,90429,118094,53621,0
7052039,90574,117949,53621,0
7057024,90718,117805,53621,0
7062009,90801,117722,53621,0
7066994,90871,117652,53621,0
7071979,90941,117582,53621,0
7076964,91018,117505,53621,0
7081949,91094,117429,53621,0
7086934,91171,117352,53621,0
7091919,91247,117276,53621,0
7096904,91322,117201,53621,0
7101889,91398,117125,53621,0
7106874,91472,117055,53617,0
7111859,91545,116986,53613,0
7116844,91618,116918,53608,0
7121829,91693,116843,53608,0
7126814,91767,116769,53608,0
7131799,91842,116694,53608,0
7136784,91916,116620,53608,0
7141769,91990,116546,53608,0
7146763,92064,116472,53608,0
7151749,92137,116399,53608,0
7156734,92210,116326,53608,0
7161719,92283,116253,53608,0
7166704,92356,116180,53608,0
7171689,92428,116108,53608,0
7176674,92500,116036,53608,0
7181659,92572,115964,53608,0
7186644,92644,115892,53608,0
7191629,92715,115821,53608,0
7196614,92793,115743,53608,0
7201608,92935,115601,53608,0
7206593,93076,115460,53608,0
7211578,93215,115321,53608,0
7216563,93353,115183,53608,0
7221548,93489,115047,53608,0
7226533,93623,114916,53605,0
7231518,93753,114794,53597,0
7236503,93877,114672,53595,0
7241495,93997,114552,53595,0
7246480,94116,114433,53595,0
7251465,94234,114315,53595,0
7256450,94354,114195,53595,0
7261440,94473,114076,53595,0
7266425,94589,113960,53595,0
7271410,94704,113845,53595,0
7276395,94818,113731,53595,0
7281380,94931,113618,53595,0
7286365,95043,113506,53595,0
7291353,95154,113395,53595,0
7296338,95265,113284,53595,0
7301323,95375,113174,53595,0
7306308,95484,113065,53595,0
7311293,95592,112957,53595,0
7316278,95700,112849,53595,0
7321263,95808,112741,53595,0
7326248,95915,112638,53591,0
7331233,96023,112537,53584,0
7336218,96132,112431,53581,0
7341203,96242,112321,53581,0
7346188,96351,112212,53581,0
7351173,96456,112107,53581,0
7356158,96562,112001,53581,0
7361143,96669,111894,53581,0
7366128,96775,111788,53581,0
7371113,96881,111682,53581,0
7376098,97001,111562,53581,0
7381083,97121,111442,53581,0
7386068,97240,111323,53581,0
7391053,97359,111204,53581,0
7396038,97397,111166,53581,0
7401023,97503,111060,53581,0
7406008,97619,110944,53581,0
7410993,97735,110828,53581,0
7415984,97849,110714,53581,0
7420969,97910,110653,53581,0
7425954,97910,110653,53581,0
7430939,97910,110653,53581,0
7435924,97910,110653,53581,0
7440909,97910,110653,53581,0
7445894,97910,110653,53581,0
7450879,97910,110653,53581,0
7455864,97910,110653,53581,0
7460849,97910,110653,53581,0
7465834,97910,110653,53581,0
7470819,97910,110653,53581,0
7475804,97910,110653,53581,0
7480789,97910,110653,53581,0
7485774,97910,110653,53581,0
7490759,97914,110649,53581,0
7495744,98029,110534,53581,0
7500735,98144,110419,53581,0
7505720,98151,110412,53581,0
7510705,98151,110412,53581,0
7515690,98151,110412,53581,0
7520675,98151,110412,53581,0
7525660,98151,110412,53581,0
7530645,98151,110412,53581,0
7535630,98151,110412,53581,0
7540615,98151,110412,53581,0
7545600,98151,110412,53581,0
7550585,98151,110412,53581,0
7555570,98151,110412,53581,0
7560555,98151,110412,53581,0
7565540,98151,110412,53581,0
7570525,98151,110412,53581,0
7575510,98151,110412,53581,0
7580495,98151,110412,53581,0
7585480,98154,110409,53581,0
7590465,98154,110409,53581,0
7595450,98217,110346,53581,0
7600439,98337,110226,53581,0
7605424,98452,110116,53576,0
7610409,98540,110034,53570,0
7615394,98649,109928,53567,0
7620379,98765,109812,53567,0
7625364,98880,109697,53567,0
7630349,98994,109583,53567,0
7635334,99107,109470,53567,0
7640319,99151,109426,53567,0
7645304,99151,109426,53567,0
7650289,99151,109426,53567,0
7655274,99151,109426,53567,0
7660259,99151,109426,53567,0
7665244,99151,109426,53567,0
7670229,99237,109340,53567,0
7675219,99347,109230,53567,0
7680204,99459,109118,53567,0
7685189,99569,109008,53567,0
7690174,99679,108898,53567,0
7695159,99788,108789,53567,0
7700144,99897,108680,53567,0
7705129,100005,108572,53567,0
7710114,100112,108465,53567,0
7715099,100218,108359,53567,0
7720084,100326,108251,53567,0
7725069,100430,108151,53563,0
7730054,100534,108047,53563,0
7735039,100637,107944,53563,0
7740024,100740,107841,53563,0
7745009,100842,107739,53563,0
7749994,100867,107714,53563,0
7754979,100867,107714,53563,0
7759964,100867,107714,53563,0
7764949,100867,107714,53563,0
7769934,100867,107714,53563,0
7774919,100867,107714,53563,0
7779904,100867,107714,53563,0
7784889,100867,107714,53563,0
7789874,100867,107714,53563,0
7794859,100867,107714,53563,0
7799844,100867,107714,53563,0
7804829,100867,107714,53563,0
7809814,100939,107642,53563,0
7814799,101040,107541,53563,0
7819784,101140,107441,53563,0
7824769,101240,107341,53563,0
7829754,101340,107241,53563,0
7834739,101456,107125,53563,0
7839734,101583,106998,53563,0
7844719,101709,106872,53563,0
7849704,101834,106747,53563,0
7854689,101957,106625,53562,0
7859675,102080,106505,53559,0
7864660,102202,106383,53559,0
7869645,102323,106262,53559,0
7874630,102443,106142,53559,0
7879615,102561,106024,53559,0
7884600,102679,105906,53559,0
7889585,102796,105789,53559,0
7894570,102912,105673,53559,0
7899555,103027,105558,53559,0
7904540,103142,105444,53559,0
7909525,103255,105330,53559,0
7914510,103367,105218,53559,0
7919495,103479,105106,53559,0
7924485,103589,104996,53559,0
7929470,103696,104889,53559,0
7934455,103803,104782,53559,0
7939440,103912,104673,53559,0
7944425,104021,104564,53559,0
7949410,104130,104455,53559,0
7954400,104238,104347,53559,0
7959395,104346,104239,53559,0
7964380,104452,104133,53559,0
7969365,104578,104007,53559,0
7974350,104704,103881,53559,0
7979335,104828,103757,53559,0
7984320,104951,103634,53559,0
7989305,105071,103520,53553,0
7994290,105191,103400,53553,0
7999275,105311,103280,53553,0
8004268,105430,103161,53553,0
8009253,105548,103043,53553,0
8014238,105665,102926,53553,0
8019223,105781,102810,53553,0
8024208,105897,102694,53553,0
8029193,106012,102579,53553,0
8034178,106125,102466,53553,0
8039163,106238,102353,53553,0
8044148,106350,102242,53553,0
8049133,106458,102138,53548,0
8054118,106620,101979,53545,0
8059103,106802,101797,53545,0
8064088,106981,101619,53545,0
8069073,107038,101562,53545,0
8074058,107213,101386,53545,0
8079043,107385,101214,53545,0
8084028,107525,101074,53545,0
8089013,107525,101074,53545,0
8093998,107525,101074,53545,0
8098983,107525,101074,53545,0
8103968,107525,101074,53545,0
8108953,107525,101074,53545,0
8113938,107525,101074,53545,0
8118923,107525,101074,53545,0
8123908,107525,101074,53545,0
8128893,107525,101074,53545,0
8133878,107525,101074,53545,0
8138863,107528,101071,53545,0
8143848,107528,101071,53545,0
8148833,107528,101071,53545,0
8153818,107528,101071,53545,0
8158803,107528,101071,53545,0
8163788,107528,101071,53545,0
8168773,107620,100984,53540,0
8173758,107784,100823,53537,0
8178743,107946,100661,53537,0
8183728,108106,100501,53537,0
8188713,108263,100344,53537,0
8193698,108419,100188,53537,0
8198683,108552,100062,53530,0
8203668,108552,100062,53530,0
8208653,108552,100062,53530,0
8213638,108552,100062,53530,0
8218623,108552,100062,53530,0
8223608,108552,100062,53530,0
8228593,108552,100062,53530,0
8233578,108552,100062,53530,0
8238563,108552,100062,53530,0
8243548,108552,100062,53530,0
8248533,108552,100062,53530,0
8253518,108552,100062,53530,0
8258503,108552,100062,53530,0
8263488,108552,100062,53530,0
8268473,108552,100062,53530,0
8273458,108552,100062,53530,0
8278443,108552,100062,53530,0
8283428,108552,100062,53530,0
8288413,108552,100062,53530,0
8293398,108552,100062,53530,0
8298383,108552,100062,53530,0
8303368,108597,100017,53530,0
8308353,108709,99905,53530,0
8313345,108834,99780,53530,0
8318330,108981,99648,53516,0
8323315,109205,99438,53501,0
8328300,109205,99438,53501,0
8333285,109205,99438,53501,0
8338270,109207,99436,53501,0
8343255,109207,99436,53501,0
8348240,109207,99436,53501,0
8353225,109207,99436,53501,0
8358210,109207,99436,53501,0
8363195,109207,99436,53501,0
8368180,109207,99436,53501,0
8373165,109207,99436,53501,0
8378150,109207,99436,53501,0
8383135,109207,99436,53501,0
8388120,109207,99436,53501,0
8393105,109207,99436,53501,0
8398090,109207,99436,53501,0
8403075,109207,99436,53501,0
8408060,109207,99436,53501,0
8413045,109207,99436,53501,0
8418030,109207,99436,53501,0
8423015,109207,99436,53501,0
8428000,109207,99436,53501,0
8432985,109207,99436,53501,0
8437970,109207,99436,53501,0
8442955,109207,99436,53501,0
8447940,109207,99436,53501,0
8452925,109207,99436,53501,0
8457910,109207,99436,53501,0
8462895,109207,99436,53501,0
8467880,109207,99436,53501,0
8472865,109207,99436,53501,0
8477850,109207,99436,53501,0
8482835,109207,99436,53501,0
8487820,109207,99436,53501,0
8492805,109207,99436,53501,0
8497790,109207,99436,53501,0
8502775,109207,99436,53501,0
8507760,109207,99436,53501,0
8512745,109245,99398,53501,0
8517730,109396,99247,53501,0
8522715,109545,99098,53501,0
8527700,109692,98951,53501,0
8532685,109767,98876,53501,0
8537670,109912,98731,53501,0
8542655,110055,98588,53501,0
8547640,110197,98446,53501,0
8552625,110231,98412,53501,0
8557610,110231,98412,53501,0
8562595,110231,98412,53501,0
8567580,110231,98412,53501,0
8572565,110231,98412,53501,0
8577550,110231,98412,53501,0
8582535,110231,98412,53501,0
8587520,110231,98412,53501,0
8592505,110231,98412,53501,0
8597490,110231,98412,53501,0
8602475,110231,98412,53501,0
8607460,110231,98412,53501,0
8612445,110324,98327,53493,0
8617430,110473,98178,53493,0
8622417,110619,98032,53493,0
8627402,110763,97889,53493,0
8632396,110896,97755,53493,0
8637381,111028,97623,53493,0
8642366,111158,97494,53492,0
8647351,111255,97403,53486,0
8652336,111255,97403,53486,0
8657322,111255,97403,53486,0
8662308,111255,97403,53486,0
8667293,111255,97403,53486,0
8672278,111255,97403,53486,0
8677263,111255,97403,53486,0
8682248,111255,97403,53486,0
8687233,111255,97403,53486,0
8692218,111255,97403,53486,0
8697203,111255,97403,53486,0
8702188,111255,97403,53486,0
8707173,111255,97403,53486,0
8712158,111255,97403,53486,0
8717143,111255,97403,53486,0
8722128,111255,97403,53486,0
8727113,111255,97403,53486,0
8732098,111255,97403,53486,0
8737083,111255,97403,53486,0
8742068,111255,97403,53486,0
8747053,111255,97403,53486,0
8752038,111255,97403,53486,0
8757023,111255,97403,53486,0
8762008,111255,97403,53486,0
8766993,111255,97403,53486,0
8771978,111255,97403,53486,0
8776963,111255,97403,53486,0
8781948,111255,97403,53486,0
8786933,111255,97403,53486,0
8791918,111344,97328,53472,0
8796903,111410,97263,53471,0
8801888,111410,97263,53471,0
8806873,111410,97263,53471,0
8811858,111410,97263,53471,0
8816843,111410,97263,53471,0
8821828,111411,97262,53471,0
8826813,111414,97259,53471,0
8831798,111414,97259,53471,0
8836783,111414,97259,53471,0
8841768,111414,97259,53471,0
8846753,111414,97259,53471,0
8851738,111414,97259,53471,0
8856723,111414,97259,53471,0
8861708,111414,97259,53471,0
8866693,111414,97259,53471,0
8871678,111414,97259,53471,0
8876663,111414,97259,53471,0
8881648,111414,97259,53471,0
8886633,111414,97259,53471,0
8891618,111414,97259,53471,0
8896603,111414,97259,53471,0
8901588,111414,97259,53471,0
8906573,111414,97259,53471,0
8911558,111414,97259,53471,0
8916543,111414,97259,53471,0
8921528,111414,97259,53471,0
8926513,111414,97259,53471,0
8931498,111414,97259,53471,0
8936483,111414,97259,53471,0
8941468,111414,97259,53471,0
8946453,111414,97259,53471,0
8951438,111414,97259,53471,0
8956423,111414,97259,53471,0
8961408,111414,97259,53471,0
8966393,111414,97259,53471,0
8971378,111414,97259,53471,0
8976363,111414,97259,53471,0
8981348,111414,97259,53471,0
8986333,111433,97240,53471,0
8991318,111435,97238,53471,0
8996303,111435,97238,53471,0
9001288,111435,97238,53471,0
9006273,111435,97238,53471,0
9011258,111435,97238,53471,0
9016243,111435,97238,53471,0
9021228,111437,97237,53470,0
9026213,111437,97237,53470,0
9031198,111437,97237,53470,0
9036183,111437,97237,53470,0
9041168,111437,97237,53470,0
9046153,111437,97237,53470,0
9051138,111437,97237,53470,0
9056123,111437,97237,53470,0
9061108,111437,97237,53470,0
9066093,111437,97237,53470,0
9071078,111437,97237,53470,0
9076063,111437,97237,53470,0
9081048,111437,97237,53470,0
9086033,111437,97237,53470,0
9091018,111437,97237,53470,0
9096003,111437,97237,53470,0
9100988,111437,97237,53470,0
9105973,111437,97237,53470,0
9110958,111437,97237,53470,0
9115943,111437,97237,53470,0
9120928,111437,97237,53470,0
9125913,111437,97237,53470,0
9130898,111437,97237,53470,0
9135883,111437,97237,53470,0
9140868,111437,97237,53470,0
9145853,111437,97237,53470,0
9150838,111437,97237,53470,0
9155823,111437,97237,53470,0
9160808,111437,97237,53470,0
9165793,111437,97237,53470,0
9170778,111437,97237,53470,0
9175763,111437,97237,53470,0
9180748,111437,97237,53470,0
9185733,111437,97237,53470,0
9190718,111437,97237,53470,0
9195703,111437,97237,53470,0
9200688,111437,97237,53470,0
9205673,111437,97237,53470,0
9210658,111437,97237,53470,0
9215643,111437,97237,53470,0
9220628,111437,97237,53470,0
9225613,111406,97268,53470,0
9230598,111404,97270,53470,0
9235583,111391,97283,53470,0
9240568,111382,97292,53470,0
9245553,111371,97303,53470,0
9250538,111358,97316,53470,0
9255523,111351,97323,53470,0
9260508,111349,97325,53470,0
9265493,111322,97352,53470,0
9270478,111319,97355,53470,0
9275463,111300,97374,53470,0
9280448,111286,97388,53470,0
9285433,111276,97398,53470,0
9290418,111252,97422,53470,0
9295403,111246,97428,53470,0
9300388,111246,97428,53470,0
9305373,111246,97428,53470,0
9310358,111246,97428,53470,0
9315343,111245,97429,53470,0
9320328,111244,97430,53470,0
9325313,111237,97437,53470,0
9330298,111220,97454,53470,0
9335283,111219,97455,53470,0
9340268,111219,97455,53470,0
9345253,111158,97516,53470,0
9350238,111143,97531,53470,0
9355223,111129,97545,53470,0
9360208,111128,97546,53470,0
9365193,111114,97560,53470,0
9370178,111113,97561,53470,0
9375163,111111,97563,53470,0
9380148,111020,97654,53470,0
9385133,110951,97723,53470,0
9390118,110844,97830,53470,0
9395103,110808,97866,53470,0
9400088,110808,97866,53470,0
9405073,110808,97866,53470,0
9410058,110805,97869,53470,0
9415043,110796,97878,53470,0
9420028,110796,97878,53470,0
9425013,110608,98037,53499,0
9429998,110608,98037,53499,0
9434983,110600,98045,53499,0
9439968,110552,98093,53499,0
9444953,110549,98096,53499,0
9449938,110547,98098,53499,0
9454923,110547,98098,53499,0
9459908,110436,98207,53501,0
9464893,110286,98357,53501,0
9469878,110245,98397,53502,0
9474863,110245,98397,53502,0
9479848,110245,98397,53502,0
9484833,110245,98397,53502,0
9489818,110245,98397,53502,0
9494803,110244,98398,53502,0
9499788,110244,98398,53502,0
9504773,110244,98398,53502,0
9509758,110243,98399,53502,0
9514743,110229,98413,53502,0
9519728,110138,98504,53502,0
9524713,110138,98504,53502,0
9529698,110138,98504,53502,0
9534683,110138,98504,53502,0
9539668,110138,98504,53502,0
9544653,109786,98856,53502,0
9549638,109668,98974,53502,0
9554623,109647,98995,53502,0
9559608,109629,99013,53502,0
9564593,109625,99017,53502,0
9569578,109623,99019,53502,0
9574563,109622,99020,53502,0
9579548,109622,99020,53502,0
9584533,109622,99020,53502,0
9589518,109622,99020,53502,0
9594503,109622,99020,53502,0
9599488,109622,99020,53502,0
9604473,109621,99021,53502,0
9609458,109618,99024,53502,0
9614443,109617,99025,53502,0
9619428,109617,99025,53502,0
9624413,109616,99026,53502,0
9629398,109560,99054,53530,0
9634383,109089,99291,53764,0
9639368,108841,99416,53887,0
9644353,108840,99417,53887,0
9649338,108840,99417,53887,0
9654323,108840,99417,53887,0
9659308,108836,99421,53887,0
9664293,108834,99423,53887,0
9669278,108834,99423,53887,0
9674263,108770,99455,53919,0
9679248,108770,99455,53919,0
9684233,108769,99456,53919,0
9689218,108768,99457,53919,0
9694203,108768,99457,53919,0
9699188,108767,99458,53919,0
9704173,108767,99458,53919,0
9709158,108766,99459,53919,0
9714143,108715,99486,53943,0
9719128,108622,99534,53988,0
9724113,108621,99535,53988,0
9729098,108618,99538,53988,0
9734083,108618,99538,53988,0
9739068,108615,99541,53988,0
9744053,108615,99541,53988,0
9749038,108613,99543,53988,0
9754023,108612,99544,53988,0
9759008,108609,99547,53988,0
9763993,108608,99548,53988,0
9768978,108608,99548,53988,0
9773963,108608,99548,53988,0
9778948,108606,99550,53988,0
9783933,108604,99552,53988,0
9788918,108603,99553,53988,0
9793903,108601,99555,53988,0
9798889,108601,99555,53988,0
9803874,108578,99567,53999,0
9808859,108572,99570,54002,0
9813844,108572,99570,54002,0
9818829,108572,99570,54002,0
9823814,108571,99571,54002,0
9828799,108571,99571,54002,0
9833784,108571,99571,54002,0
9838769,108569,99573,54002,0
9843754,108527,99594,54023,0
9848739,108527,99594,54023,0
9853724,108526,99595,54023,0
9858709,108525,99596,54023,0
9863694,108525,99596,54023,0
9868679,108523,99598,54023,0
9873664,108523,99598,54023,0
9878649,108522,99599,54023,0
9883634,108522,99599,54023,0
9888619,108521,99600,54023,0
9893604,108520,99601,54023,0
9898589,108520,99601,54023,0
9903574,108520,99601,54023,0
9908559,108519,99602,54023,0
9913544,108241,99741,54162,0
9918529,107805,99986,54353,0
9923514,107697,100044,54403,0
9928499,107507,100145,54492,0
9933484,107397,100248,54499,0
9938469,107393,100250,54501,0
9943454,107393,100250,54501,0
9948439,107392,100251,54501,0
9953424,107391,100252,54501,0
9958409,107391,100252,54501,0
9963394,107204,100439,54501,0
9968379,106902,100741,54501,0
9973364,106902,100741,54501,0
9978349,106901,100742,54501,0
9983334,106898,100745,54501,0
9988319,106714,100840,54590,0
9993304,106306,101044,54794,0
9998289,105890,101252,55002,0
10003274,105868,101263,55013,0
10008259,105868,101263,55013,0
10013244,105862,101266,55016,0
10018229,105862,101266,55016,0
10023214,105862,101266,55016,0
10028199,105862,101266,55016,0
10033184,105862,101266,55016,0
10038169,105862,101266,55016,0
10043154,105862,101266,55016,0
10048139,105862,101266,55016,0
10053124,105862,101266,55016,0
10058109,105862,101266,55016,0
10063094,105859,101269,55016,0
10068079,105850,101278,55016,0
10073064,105687,101360,55097,0
10078049,105599,101407,55138,0
10083034,105290,101580,55274,0
10088019,104822,101814,55508,0
10093004,104374,102038,55732,0
10097989,104235,102108,55801,0
10102974,104231,102112,55801,0
10107959,104231,102112,55801,0
10112944,104224,102119,55801,0
10117929,104223,102120,55801,0
10122914,104223,102120,55801,0
10127899,104124,102219,55801,0
10132884,103736,102607,55801,0
10137869,103511,102832,55801,0
10142854,103490,102853,55801,0
10147839,103367,102976,55801,0
10152824,103367,102976,55801,0
10157809,103367,102976,55801,0
10162794,103367,102976,55801,0
10167779,103367,102976,55801,0
10172764,103367,102976,55801,0
10177749,103367,102976,55801,0
10182734,103367,102976,55801,0
10187719,103367,102976,55801,0
10192704,103190,103064,55890,0
10197689,102817,103251,56076,0
10202674,102447,103435,56262,0
10207659,102066,103626,56452,0
10212644,101687,103816,56641,0
10217629,101339,104000,56805,0
10222614,101339,104000,56805,0
10227599,101339,104000,56805,0
10232584,101064,104169,56911,0
10237569,101041,104192,56911,0
10242554,100629,104604,56911,0
10247539,100629,104604,56911,0
10252524,100629,104604,56911,0
10257509,100370,104792,56982,0
10262494,99984,104985,57175,0
10267479,99599,105239,57306,0
10272464,99233,105605,57306,0
10277449,99146,105661,57337,0
10282434,99126,105671,57347,0
10287419,98828,105823,57493,0
10292404,98485,106000,57659,0
10297389,98107,106189,57848,0
10302374,97740,106387,58017,0
10307359,97366,106574,58204,0
10312344,96994,106760,58390,0
10317329,96622,106962,58560,0
10322314,96252,107146,58746,0
10327299,95846,107381,58917,0
10332284,95561,107562,59021,0
10337269,95283,107757,59104,0
10342254,95045,107967,59132,0
10347240,94722,108141,59281,0
10352225,94344,108330,59470,0
10357210,93979,108577,59588,0
10362195,93614,108854,59676,0
10367180,93242,109067,59835,0
10372165,92739,109343,60062,0
10377150,92294,109629,60221,0
10382135,91926,109869,60349,0
10387120,91559,110106,60479,0
10392105,91453,110159,60532,0
10397090,91453,110159,60532,0
10402075,91294,110276,60574,0
10407060,91155,110415,60574,0
10412045,90982,110559,60603,0
10417030,90625,110875,60644,0
10422015,90116,111136,60892,0
10427000,89984,111202,60958,0
10431985,89852,111289,61003,0
10436970,89852,111289,61003,0
10441955,89647,111451,61046,0
10446940,89285,111681,61178,0
10451925,89120,111814,61210,0
10456910,89120,111814,61210,0
10461895,89032,111902,61210,0
10466880,88678,112256,61210,0
10471865,88225,112567,61352,0
10476858,87828,112901,61415,0
10481843,87276,113177,61691,0
10486828,86924,113353,61867,0
10491813,86859,113400,61885,0
10496798,86828,113431,61885,0
10501783,86490,113769,61885,0
10506768,86038,114071,62035,0
10511753,85550,114356,62238,0
10516738,85205,114701,62238,0
10521723,84831,114995,62318,0
10526708,84419,115201,62524,0
10531693,84023,115399,62722,0
10536679,83538,115641,62965,0
10541664,83004,115909,63231,0
10546649,82529,116146,63469,0
10551634,82152,116335,63657,0
10556619,81939,116442,63763,0
10561604,81939,116442,63763,0
10566589,81874,116507,63763,0
10571574,81874,116507,63763,0
10576559,81818,116535,63791,0
10581544,81425,116839,63880,0
10586529,80926,117255,63963,0
10591514,80506,117464,64174,0
10596499,80110,117799,64235,0
10601484,79747,118162,64235,0
10606469,79405,118503,64236,0
10611454,79036,118719,64389,0
10616439,78702,119021,64421,0
10621424,78335,119252,64557,0
10626409,77993,119464,64687,0
10631394,77695,119756,64693,0
10636379,77308,120026,64810,0
10641364,76970,120364,64810,0
10646349,76570,120585,64989,0
10651334,76164,120788,65192,0
10656319,75392,121430,65322,0
10661304,75020,121731,65393,0
10666289,74651,122044,65449,0
10671274,74285,122362,65497,0
10676259,73962,122685,65497,0
10681244,73928,122719,65497,0
10686229,73927,122720,65497,0
10691214,73927,122720,65497,0
10696199,73758,122847,65539,0
10701184,73422,123183,65539,0
10706169,73084,123521,65539,0
10711154,72861,123744,65539,0
10716139,72861,123744,65539,0
10721124,72861,123744,65539,0
10726109,72630,123975,65539,0
10731094,72629,123976,65539,0
10736079,72289,124316,65539,0
10741064,71944,124661,65539,0
10746049,71592,125013,65539,0
10751034,71233,125372,65539,0
10756019,70893,125712,65539,0
10761004,70836,125769,65539,0
10765989,70687,125866,65591,0
10770974,70500,126051,65593,0
10775959,70280,126271,65593,0
10780944,69982,126569,65593,0
10785929,69982,126569,65593,0
10790914,69982,126569,65593,0
10795899,69416,127135,65593,0
10800884,69359,127192,65593,0
10805869,69359,127192,65593,0
10810854,69359,127192,65593,0
10815839,69359,127192,65593,0
10820824,69343,127200,65601,0
10825809,68947,127487,65710,0
10830794,68611,127822,65711,0
10835779,68223,128016,65905,0
10840764,67823,128216,66105,0
10845749,67677,128360,66107,1
10850734,67677,128360,66107,1
10855719,67677,128360,66107,1
10860704,67677,128360,66107,1
10865689,67677,128360,66107,1
10870674,67677,128360,66107,1
10875659,67677,128360,66107,1
10880644,67677,128360,66107,1
10885629,67677,128360,66107,1
10890614,67677,128360,66107,1
10895599,67677,128360,66107,1
10900584,67677,128360,66107,1
10905569,67677,128360,66107,1
10910554,67677,128360,66107,1
10915539,67677,128360,66107,1
10920524,67677,128360,66107,1
10925510,67677,128360,66107,1
10930495,67677,128360,66107,1
10935480,67677,128360,66107,1
10940465,67677,128360,66107,1
10945450,67677,128360,66107,1
10950435,67677,128360,66107,1
10955420,67677,128360,66107,1
10960405,67677,128360,66107,1
10965390,67677,128360,66107,1
10970375,67677,128360,66107,1
10975360,67677,128360,66107,1
10980345,67677,128360,66107,1
10985330,67677,128360,66107,1
10990315,67672,128364,66108,1
10995300,67672,128364,66108,1
11000285,67671,128365,66108,1
11005270,67671,128365,66108,1
11010255,67671,128365,66108,1
11015240,67671,128365,66108,1
11020225,67671,128365,66108,1
11025210,67671,128365,66108,1
11030195,67671,128365,66108,1
11035180,67670,128366,66108,1
11040165,67670,128366,66108,1
11045150,67670,128366,66108,1
11050135,67670,128366,66108,1
11055120,67670,128366,66108,1
11060105,67670,128366,66108,1
11065090,67670,128366,66108,1
11070075,67670,128366,66108,1
11075060,67670,128366,66108,1
11080045,67670,128366,66108,1
11085030,67668,128368,66108,1
11090015,67656,128380,66108,1
11095000,67656,128380,66108,1
11099985,67656,128380,66108,1
11104970,67656,128380,66108,1
11109955,67656,128380,66108,1
11114940,67656,128380,66108,1
11119925,67656,128380,66108,1
11124910,67656,128380,66108,1
11129895,67650,128385,66109,1
11134880,67650,128385,66109,1
11139865,67639,128396,66109,1
11144850,67628,128407,66109,1
11149835,67628,128407,66109,1
11154820,67628,128407,66109,1
11159805,67628,128407,66109,1
11164790,67624,128411,66109,1
11169775,67624,128411,66109,1
11174760,67621,128414,66109,1
11179745,67615,128420,66109,1
11184730,67607,128428,66109,1
11189715,67606,128429,66109,1
11194700,67603,128431,66110,1
11199685,67602,128432,66110,1
11204670,67602,128432,66110,1
11209655,67602,128432,66110,1
11214640,67602,128432,66110,1
11219625,67602,128432,66110,1
